id,experiment_id,family,apex_angle,rectangle_ratio,pattern,evidence,pieces,utilization,upper_bound,gap,fingerprint
"iso-a35-r0p75","isosceles/apex-35/rectangle-0.75","isosceles","35","0.75","vertical lattice","verified_best_known","150","0.8962131817985107","0.9977840090690072","0.10157082727049649","tpa1-0102a8165821ed52"
"iso-a35-r0p9","isosceles/apex-35/rectangle-0.9","isosceles","35","0.9","acute horizontal lattice","verified_best_known","176","0.8762973333140993","0.9957924242205661","0.11949509090646682","tpa1-b18ac68ac7fd5b32"
"iso-a35-r1p05","isosceles/apex-35/rectangle-1.05","isosceles","35","1.05","acute horizontal lattice","verified_best_known","208","0.8876778181623344","0.9986375454326248","0.11095972727029046","tpa1-dca8abb1365e1fbf"
"iso-a35-r1p2","isosceles/apex-35/rectangle-1.2","isosceles","35","1.2","vertical lattice","verified_best_known","250","0.9335553977067795","0.9970371647508418","0.06348176704406228","tpa1-cc55346e3b2c6f88"
"iso-a35-r1p35","isosceles/apex-35/rectangle-1.35","isosceles","35","1.35","vertical lattice","verified_best_known","275","0.9128097222021826","0.9991117323013012","0.08630201009911864","tpa1-c948658eb0aef52b"
"iso-a35-r1p5","isosceles/apex-35/rectangle-1.5","isosceles","35","1.5","acute horizontal lattice","verified_best_known","300","0.8962131817985073","0.9977840090690072","0.10157082727049993","tpa1-a5df0137289ea2b4"
"iso-a35-r1p65","isosceles/apex-35/rectangle-1.65","isosceles","35","1.65","acute horizontal lattice","verified_best_known","300","0.8147392561804623","0.999413487581368","0.18467423140090578","tpa1-0de6d0ecc05167dd"
"iso-a35-r1p8","isosceles/apex-35/rectangle-1.8","isosceles","35","1.8","acute horizontal lattice","verified_best_known","300","0.7468443181654233","0.9982819052811175","0.2514375871156942","tpa1-ea3da78e516bd1c6"
"iso-a35-r1p95","isosceles/apex-35/rectangle-1.95","isosceles","35","1.95","acute horizontal lattice","verified_best_known","300","0.6893947552296228","0.9996223950829529","0.31022763985333013","tpa1-8c0c4cec6d70e33d"
"iso-a35-r2p1","isosceles/apex-35/rectangle-2.1","isosceles","35","2.1","acute horizontal lattice","verified_best_known","300","0.6401522727132201","0.9986375454326248","0.3584852727194048","tpa1-4cca15804837b00e"
"iso-a35-r2p25","isosceles/apex-35/rectangle-2.25","isosceles","35","2.25","acute horizontal lattice","verified_best_known","300","0.5974754545323392","0.9997755939174484","0.4023001393851092","tpa1-d260be8b60800c1a"
"iso-a35-r2p4","isosceles/apex-35/rectangle-2.4","isosceles","35","2.4","acute horizontal lattice","verified_best_known","300","0.5601332386240686","0.9989042755462554","0.4387710369221868","tpa1-31dba482fcd32622"
"iso-a35-r2p55","isosceles/apex-35/rectangle-2.55","isosceles","35","2.55","acute horizontal lattice","verified_best_known","300","0.5271842245873588","0.9998927459673567","0.47270852137999786","tpa1-490393adb8087dcc"
"iso-a35-r2p7","isosceles/apex-35/rectangle-2.7","isosceles","35","2.7","acute horizontal lattice","verified_best_known","300","0.49789621211028295","0.9991117323013012","0.5012155201910182","tpa1-d562fcf4e0839f92"
"iso-a35-r2p85","isosceles/apex-35/rectangle-2.85","isosceles","35","2.85","acute horizontal lattice","verified_best_known","300","0.4716911483150049","0.9999852344278105","0.5282940861128056","tpa1-b0a05bdf841f2989"
"iso-a35-r3","isosceles/apex-35/rectangle-3","isosceles","35","3","acute horizontal lattice","verified_best_known","300","0.448106590899255","0.999277697705338","0.551171106806083","tpa1-b74c8dd11b44a160"
"iso-a40-r0p75","isosceles/apex-40/rectangle-0.75","isosceles","40","0.75","vertical lattice","verified_best_known","132","0.883832963318989","0.9976599358676497","0.1138269725486607","tpa1-039dc8bf30fc31fb"
"iso-a40-r0p9","isosceles/apex-40/rectangle-0.9","isosceles","40","0.9","acute horizontal lattice","verified_best_known","160","0.89276056900908","0.998775886578911","0.10601531756983107","tpa1-9aad7d71e3eb9c45"
"iso-a40-r1p05","isosceles/apex-40/rectangle-1.05","isosceles","40","1.05","acute horizontal lattice","verified_best_known","184","0.8800068465946641","0.9995729942298119","0.11956614763514783","tpa1-37e2606f4010fbc4"
"iso-a40-r1p2","isosceles/apex-40/rectangle-1.2","isosceles","40","1.2","vertical lattice","verified_best_known","220","0.9206593367906132","0.9959860098007577","0.07532667301014451","tpa1-995b4d084965d731"
"iso-a40-r1p35","isosceles/apex-40/rectangle-1.35","isosceles","40","1.35","vertical lattice","verified_best_known","242","0.9002002404174887","0.9969159687268087","0.09671572830931996","tpa1-3f6514b6759c3743"
"iso-a40-r1p5","isosceles/apex-40/rectangle-1.5","isosceles","40","1.5","acute horizontal lattice","verified_best_known","272","0.9106157803892606","0.9976599358676497","0.08704415547838906","tpa1-10ea29e0d035b969"
"iso-a40-r1p65","isosceles/apex-40/rectangle-1.65","isosceles","40","1.65","vertical lattice","verified_best_known","300","0.913050581941104","0.9982686362556104","0.08521805431450635","tpa1-ccf46ea325c89447"
"iso-a40-r1p8","isosceles/apex-40/rectangle-1.8","isosceles","40","1.8","acute horizontal lattice","verified_best_known","300","0.8369630334460114","0.998775886578911","0.16181285313289961","tpa1-2e2e6e830678415e"
"iso-a40-r1p95","isosceles/apex-40/rectangle-1.95","isosceles","40","1.95","acute horizontal lattice","verified_best_known","300","0.772581261642472","0.9992050983909346","0.22662383674846265","tpa1-c35ca592bbb3c930"
"iso-a40-r2p1","isosceles/apex-40/rectangle-2.1","isosceles","40","2.1","acute horizontal lattice","verified_best_known","300","0.7173968858108669","0.9995729942298119","0.282176108418945","tpa1-36ded4a1a6a4fca6"
"iso-a40-r2p25","isosceles/apex-40/rectangle-2.25","isosceles","40","2.25","acute horizontal lattice","verified_best_known","300","0.6695704267568092","0.9998918372901723","0.33032141053336306","tpa1-5e276b1c013ae5f6"
"iso-a40-r2p4","isosceles/apex-40/rectangle-2.4","isosceles","40","2.4","acute horizontal lattice","verified_best_known","300","0.6277222750845086","0.9980784173843726","0.370356142299864","tpa1-73bc4419efa5b4ba"
"iso-a40-r2p55","isosceles/apex-40/rectangle-2.55","isosceles","40","2.55","acute horizontal lattice","verified_best_known","300","0.5907974353736553","0.9984476657814813","0.407650230407826","tpa1-fd42edaad4083a91"
"iso-a40-r2p7","isosceles/apex-40/rectangle-2.7","isosceles","40","2.7","acute horizontal lattice","verified_best_known","300","0.5579753556306744","0.9987758865789108","0.44080053094823646","tpa1-425216da67afbbf2"
"iso-a40-r2p85","isosceles/apex-40/rectangle-2.85","isosceles","40","2.85","acute horizontal lattice","verified_best_known","300","0.5286082316501126","0.9990695578187165","0.4704613261686039","tpa1-edef64949fb0ff92"
"iso-a40-r3","isosceles/apex-40/rectangle-3","isosceles","40","3","acute horizontal lattice","verified_best_known","300","0.5021778200676071","0.9993338619345417","0.4971560418669345","tpa1-e58c1bcec9b157cc"
"iso-a45-r0p75","isosceles/apex-45/rectangle-0.75","isosceles","45","0.75","acute horizontal lattice","verified_best_known","115","0.8470549982963856","0.9943689110435825","0.14731391274719685","tpa1-8c4ffdc42618556e"
"iso-a45-r0p9","isosceles/apex-45/rectangle-0.9","isosceles","45","0.9","acute horizontal lattice","verified_best_known","137","0.8409169185985866","0.9943689110435825","0.15345199244499586","tpa1-559aff123ae1bf63"
"iso-a45-r1p05","isosceles/apex-45/rectangle-1.05","isosceles","45","1.05","vertical lattice","verified_best_known","171","0.8996671099918154","0.9996301222131252","0.09996301222130977","tpa1-de2b7e0e6c5114e0"
"iso-a45-r1p2","isosceles/apex-45/rectangle-1.2","isosceles","45","1.2","acute horizontal lattice","verified_best_known","192","0.8838834764831877","0.9989724708169325","0.11508899433374487","tpa1-e5cb4ddd5b32c793"
"iso-a45-r1p35","isosceles/apex-45/rectangle-1.35","isosceles","45","1.35","acute horizontal lattice","verified_best_known","216","0.8838834764831879","0.9984609641754489","0.11457748769226106","tpa1-2a8bb2a4d7c717fb"
"iso-a45-r1p5","isosceles/apex-45/rectangle-1.5","isosceles","45","1.5","acute horizontal lattice","verified_best_known","243","0.8949320199392282","0.9980517588622625","0.10311973892303428","tpa1-77629f83f9384e45"
"iso-a45-r1p65","isosceles/apex-45/rectangle-1.65","isosceles","45","1.65","vertical lattice","verified_best_known","266","0.8905795634262431","0.9977169545151099","0.10713739108886677","tpa1-ce5d26217a630c2e"
"iso-a45-r1p8","isosceles/apex-45/rectangle-1.8","isosceles","45","1.8","acute horizontal lattice","verified_best_known","296","0.9084357952743887","0.9974379508924824","0.08900215561809377","tpa1-c6bc3962ca6865d4"
"iso-a45-r1p95","isosceles/apex-45/rectangle-1.95","isosceles","45","1.95","acute horizontal lattice","verified_best_known","300","0.8498879581569125","0.9972018709041056","0.14731391274719308","tpa1-815cc5a4cb9a9fe2"
"iso-a45-r2p1","isosceles/apex-45/rectangle-2.1","isosceles","45","2.1","acute horizontal lattice","verified_best_known","300","0.7891816754314188","0.9996301222131252","0.21044844678170638","tpa1-25067210f35801a0"
"iso-a45-r2p25","isosceles/apex-45/rectangle-2.25","isosceles","45","2.25","acute horizontal lattice","verified_best_known","300","0.7365695637359909","0.9992793748018224","0.26270981106583147","tpa1-508a5b8c182ca552"
"iso-a45-r2p4","isosceles/apex-45/rectangle-2.4","isosceles","45","2.4","acute horizontal lattice","verified_best_known","300","0.6905339660024915","0.9989724708169325","0.308438504814441","tpa1-3517701a8c11d45d"
"iso-a45-r2p55","isosceles/apex-45/rectangle-2.55","isosceles","45","2.55","acute horizontal lattice","verified_best_known","300","0.6499143209435214","0.998701673183206","0.3487873522396846","tpa1-eaf9007fdfaabc8c"
"iso-a45-r2p7","isosceles/apex-45/rectangle-2.7","isosceles","45","2.7","acute horizontal lattice","verified_best_known","300","0.6138079697799924","0.9984609641754489","0.3846529943954565","tpa1-7923d691c790655f"
"iso-a45-r2p85","isosceles/apex-45/rectangle-2.85","isosceles","45","2.85","acute horizontal lattice","verified_best_known","300","0.5815022871599927","0.9982455929579824","0.4167433057979897","tpa1-a7093c1ed391dfd6"
"iso-a45-r3","isosceles/apex-45/rectangle-3","isosceles","45","3","acute horizontal lattice","verified_best_known","300","0.5524271728019932","0.9998931827716024","0.4474660099696093","tpa1-60248856b08e6aeb"
"iso-a50-r0p75","isosceles/apex-50/rectangle-0.75","isosceles","50","0.75","acute horizontal lattice","verified_best_known","104","0.8298814800455587","0.997453701977836","0.16757222193227728","tpa1-96f5ff99b98f14ef"
"iso-a50-r0p9","isosceles/apex-50/rectangle-0.9","isosceles","50","0.9","acute horizontal lattice","verified_best_known","128","0.851160492354418","0.997453701977836","0.14629320962341796","tpa1-376ea68aa042e729"
"iso-a50-r1p05","isosceles/apex-50/rectangle-1.05","isosceles","50","1.05","vertical lattice","verified_best_known","153","0.8720595223006193","0.9974537019778359","0.12539417967721656","tpa1-386415f5819a141a"
"iso-a50-r1p2","isosceles/apex-50/rectangle-1.2","isosceles","50","1.2","acute horizontal lattice","verified_best_known","172","0.8578101837009355","0.9974537019778361","0.13964351827690058","tpa1-dc8b0b9acc335d39"
"iso-a50-r1p35","isosceles/apex-50/rectangle-1.35","isosceles","50","1.35","acute horizontal lattice","verified_best_known","192","0.8511604923544164","0.9974537019778359","0.14629320962341952","tpa1-81519abdd408ff0b"
"iso-a50-r1p5","isosceles/apex-50/rectangle-1.5","isosceles","50","1.5","vertical lattice","verified_best_known","221","0.8817490725484026","0.997453701977836","0.11570462942943338","tpa1-e6ae8741e8953f5f"
"iso-a50-r1p65","isosceles/apex-50/rectangle-1.65","isosceles","50","1.65","acute horizontal lattice","verified_best_known","240","0.8705050489988343","0.997453701977836","0.1269486529790017","tpa1-913fccb12f991fb9"
"iso-a50-r1p8","isosceles/apex-50/rectangle-1.8","isosceles","50","1.8","acute horizontal lattice","verified_best_known","264","0.8777592577404909","0.997453701977836","0.1196944442373451","tpa1-08758f7e48903874"
"iso-a50-r1p95","isosceles/apex-50/rectangle-1.95","isosceles","50","1.95","vertical lattice","verified_best_known","289","0.8869665226818245","0.9974537019778359","0.11048717929601137","tpa1-ed28ceb2b1b1d52c"
"iso-a50-r2p1","isosceles/apex-50/rectangle-2.1","isosceles","50","2.1","acute horizontal lattice","verified_best_known","300","0.8549603159809974","0.9974537019778359","0.14249338599683847","tpa1-341ae55b378a093b"
"iso-a50-r2p25","isosceles/apex-50/rectangle-2.25","isosceles","50","2.25","acute horizontal lattice","verified_best_known","300","0.7979629615822645","0.997453701977836","0.19949074039557146","tpa1-0124edbbeb0cdd5f"
"iso-a50-r2p4","isosceles/apex-50/rectangle-2.4","isosceles","50","2.4","acute horizontal lattice","verified_best_known","300","0.748090276483373","0.9999473362327806","0.25185705974940764","tpa1-add794ff5c2da17c"
"iso-a50-r2p55","isosceles/apex-50/rectangle-2.55","isosceles","50","2.55","acute horizontal lattice","verified_best_known","300","0.7040849661019984","0.9998006518648426","0.2957156857628441","tpa1-18408d96d20b25c0"
"iso-a50-r2p7","isosceles/apex-50/rectangle-2.7","isosceles","50","2.7","acute horizontal lattice","verified_best_known","300","0.6649691346518873","0.9996702657600088","0.3347011311081215","tpa1-698b979b9b3b9960"
"iso-a50-r2p85","isosceles/apex-50/rectangle-2.85","isosceles","50","2.85","acute horizontal lattice","verified_best_known","300","0.6299707591438933","0.9995536045083155","0.3695828453644222","tpa1-2fb22888e8ed9553"
"iso-a50-r3","isosceles/apex-50/rectangle-3","isosceles","50","3","acute horizontal lattice","verified_best_known","300","0.5984722211866987","0.9994486093817917","0.40097638819509296","tpa1-63f6c58796c38ba0"
"iso-a55-r0p75","isosceles/apex-55/rectangle-0.75","isosceles","55","0.75","acute horizontal lattice","verified_best_known","99","0.8447505456730235","0.9983415539772088","0.15359100830418526","tpa1-e99b21883345c4a7"
"iso-a55-r0p9","isosceles/apex-55/rectangle-0.9","isosceles","55","0.9","vertical lattice","verified_best_known","128","0.9101689380988821","0.9954972760456497","0.08532833794676764","tpa1-0a8ea4151f50ae5f"
"iso-a55-r1p05","isosceles/apex-55/rectangle-1.05","isosceles","55","1.05","acute horizontal lattice","verified_best_known","153","0.9325168361325603","0.999560530233591","0.06704369410103073","tpa1-c887b647272c18bc"
"iso-a55-r1p2","isosceles/apex-55/rectangle-1.2","isosceles","55","1.2","acute horizontal lattice","verified_best_known","171","0.9119466118061058","0.9972749497528742","0.08532833794676842","tpa1-5d03681baab58252"
"iso-a55-r1p35","isosceles/apex-55/rectangle-1.35","isosceles","55","1.35","acute horizontal lattice","verified_best_known","198","0.93861171741447","0.9954972760456496","0.05688555863117961","tpa1-e786643c1a286ac7"
"iso-a55-r1p5","isosceles/apex-55/rectangle-1.5","isosceles","55","1.5","acute horizontal lattice","verified_best_known","216","0.9215460498251152","0.9983415539772088","0.07679550415209357","tpa1-c52496fbc9d98488"
"iso-a55-r1p65","isosceles/apex-55/rectangle-1.65","isosceles","55","1.65","acute horizontal lattice","verified_best_known","243","0.9424902782302305","0.9967901296509039","0.054299851420673395","tpa1-20b2ec1198c6a2ef"
"iso-a55-r1p8","isosceles/apex-55/rectangle-1.8","isosceles","55","1.8","acute horizontal lattice","verified_best_known","270","0.9599438019011597","0.9990526234600985","0.0391088215589388","tpa1-71d88a304d301200"
"iso-a55-r1p95","isosceles/apex-55/rectangle-1.95","isosceles","55","1.95","acute horizontal lattice","verified_best_known","288","0.9451754357180645","0.997685182146849","0.052509746428784476","tpa1-dc85eb6d2cbf24d4"
"iso-a55-r2p1","isosceles/apex-55/rectangle-2.1","isosceles","55","2.1","acute horizontal lattice","verified_best_known","300","0.9142321922868181","0.999560530233591","0.08532833794677297","tpa1-cb8d24b80a339406"
"iso-a55-r2p25","isosceles/apex-55/rectangle-2.25","isosceles","55","2.25","acute horizontal lattice","verified_best_known","300","0.853283379467697","0.9983415539772087","0.14505817450951175","tpa1-469085b2cd21f9bf"
"iso-a55-r2p4","isosceles/apex-55/rectangle-2.4","isosceles","55","2.4","acute horizontal lattice","verified_best_known","300","0.7999531682509659","0.9999414603137108","0.19998829206274493","tpa1-17096e02e639d49b"
"iso-a55-r2p55","isosceles/apex-55/rectangle-2.55","isosceles","55","2.55","acute horizontal lattice","verified_best_known","300","0.7528970995303209","0.9988434853768957","0.2459463858465748","tpa1-073350d8c19383ff"
"iso-a55-r2p7","isosceles/apex-55/rectangle-2.7","isosceles","55","2.7","acute horizontal lattice","verified_best_known","300","0.7110694828897473","0.9978675076552822","0.28679802476553495","tpa1-c4219b30e1b3951d"
"iso-a55-r2p85","isosceles/apex-55/rectangle-2.85","isosceles","55","2.85","acute horizontal lattice","verified_best_known","300","0.6736447732639711","0.9992397470082274","0.3255949737442563","tpa1-a6bdc7fe215d0dfd"
"iso-a55-r3","isosceles/apex-55/rectangle-3","isosceles","55","3","acute horizontal lattice","verified_best_known","300","0.6399625346007726","0.9983415539772088","0.35837901937643624","tpa1-0c9aaf5b6e4e9882"
"iso-a60-r0p75","equilateral/apex-60/rectangle-0.75","equilateral","60","0.75","acute horizontal lattice","verified_best_known","99","0.8930886976527018","0.9923207751696691","0.09923207751696728","tpa1-6483b1b0b0f0f0df"
"iso-a60-r0p9","equilateral/apex-60/rectangle-0.9","equilateral","60","0.9","vertical lattice","verified_best_known","120","0.9021097956087888","0.9998383567997424","0.09772856119095363","tpa1-314aa7ce529762d5"
"iso-a60-r1p05","equilateral/apex-60/rectangle-1.05","equilateral","60","1.05","acute horizontal lattice","verified_best_known","135","0.8698915886227603","0.9987644165668746","0.12887282794411437","tpa1-6609b88c3c729655"
"iso-a60-r1p2","equilateral/apex-60/rectangle-1.2","equilateral","60","1.2","vertical lattice","verified_best_known","165","0.9303007267215643","0.9979589613922241","0.06765823467065979","tpa1-f6c685f1030e499e"
"iso-a60-r1p35","equilateral/apex-60/rectangle-1.35","equilateral","60","1.35","acute horizontal lattice","verified_best_known","180","0.9021097956087903","0.9973324962563844","0.09522270064759408","tpa1-e8fc90d3220374e6"
"iso-a60-r1p5","equilateral/apex-60/rectangle-1.5","equilateral","60","1.5","acute horizontal lattice","verified_best_known","207","0.9336836384550993","0.996831324147713","0.06314768569261375","tpa1-85919fa75391db1a"
"iso-a60-r1p65","equilateral/apex-60/rectangle-1.65","equilateral","60","1.65","acute horizontal lattice","verified_best_known","225","0.9226122909635376","0.9964212742406181","0.07380898327708052","tpa1-a3817849a2e5f60e"
"iso-a60-r1p8","equilateral/apex-60/rectangle-1.8","equilateral","60","1.8","acute horizontal lattice","verified_best_known","243","0.9133861680539028","0.9998383567997424","0.0864521887458396","tpa1-dadb9e78261942fe"
"iso-a60-r1p95","equilateral/apex-60/rectangle-1.95","equilateral","60","1.95","acute horizontal lattice","verified_best_known","270","0.936806326209132","0.9992600812897368","0.0624537550806048","tpa1-088dd73110a759bf"
"iso-a60-r2p1","equilateral/apex-60/rectangle-2.1","equilateral","60","2.1","acute horizontal lattice","verified_best_known","288","0.9278843611976167","0.9987644165668746","0.0708800553692579","tpa1-913755ae854b289e"
"iso-a60-r2p25","equilateral/apex-60/rectangle-2.25","equilateral","60","2.25","acute horizontal lattice","verified_best_known","300","0.9021097956087938","0.9983348404737278","0.096225044864934","tpa1-ac294fcdd9e820aa"
"iso-a60-r2p4","equilateral/apex-60/rectangle-2.4","equilateral","60","2.4","acute horizontal lattice","verified_best_known","300","0.8457279333832443","0.9979589613922241","0.1522310280089798","tpa1-8a9abdc79ea39429"
"iso-a60-r2p55","equilateral/apex-60/rectangle-2.55","equilateral","60","2.55","acute horizontal lattice","verified_best_known","300","0.7959792314195242","0.9976273033791326","0.20164807195960843","tpa1-27c67b241d65e6d9"
"iso-a60-r2p7","equilateral/apex-60/rectangle-2.7","equilateral","60","2.7","acute horizontal lattice","verified_best_known","300","0.7517581630073283","0.9998383567997423","0.24808019379241397","tpa1-3db10cc6328aba78"
"iso-a60-r2p85","equilateral/apex-60/rectangle-2.85","equilateral","60","2.85","acute horizontal lattice","verified_best_known","300","0.7121919439016795","0.9994426946086858","0.28725075070700634","tpa1-20bc246c6ac01f45"
"iso-a60-r3","equilateral/apex-60/rectangle-3","equilateral","60","3","acute horizontal lattice","verified_best_known","300","0.6765823467065956","0.999086598636735","0.32250425193013943","tpa1-4a94bf8bfc013156"
"iso-a65-r0p75","isosceles/apex-65/rectangle-0.75","isosceles","65","0.75","vertical lattice","verified_best_known","91","0.8591042564618259","0.9912741420713358","0.13216988560950993","tpa1-9968b6de310d9a08"
"iso-a65-r0p9","isosceles/apex-65/rectangle-0.9","isosceles","65","0.9","obtuse horizontal lattice","verified_best_known","108","0.8496635503468609","0.9991413971671401","0.1494778468202792","tpa1-c1edff5ed53310ed"
"iso-a65-r1p05","isosceles/apex-65/rectangle-1.05","isosceles","65","1.05","obtuse horizontal lattice","verified_best_known","126","0.849663550346861","0.9980175035820252","0.1483539532351642","tpa1-362cdffb57466316"
"iso-a65-r1p2","isosceles/apex-65/rectangle-1.2","isosceles","65","1.2","obtuse horizontal lattice","verified_best_known","144","0.849663550346861","0.9971745833931891","0.14751103304632807","tpa1-7ed08f7da1ae8782"
"iso-a65-r1p35","isosceles/apex-65/rectangle-1.35","isosceles","65","1.35","obtuse horizontal lattice","verified_best_known","171","0.8968670809216843","0.9965189788018719","0.09965189788018758","tpa1-fdb85a509279d2f3"
"iso-a65-r1p5","isosceles/apex-65/rectangle-1.5","isosceles","65","1.5","obtuse horizontal lattice","verified_best_known","189","0.8921467278642008","0.9959944951288184","0.10384776726461764","tpa1-7531fe20545ccc8a"
"iso-a65-r1p65","isosceles/apex-65/rectangle-1.65","isosceles","65","1.65","obtuse horizontal lattice","verified_best_known","207","0.8882846208171689","0.9998566021758497","0.11157198135868085","tpa1-bee2f49c05eae5a4"
"iso-a65-r1p8","isosceles/apex-65/rectangle-1.8","isosceles","65","1.8","obtuse horizontal lattice","verified_best_known","225","0.8850661982779754","0.9991413971671401","0.11407519888916473","tpa1-c472988690f72555"
"iso-a65-r1p95","isosceles/apex-65/rectangle-1.95","isosceles","65","1.95","obtuse horizontal lattice","verified_best_known","252","0.9150222849889214","0.9985362236982321","0.08351393870931079","tpa1-1366c098cf872e9b"
"iso-a65-r2p1","isosceles/apex-65/rectangle-2.1","isosceles","65","2.1","obtuse horizontal lattice","verified_best_known","270","0.910353803943059","0.9980175035820252","0.08766369963896625","tpa1-cf50afbb220eec50"
"iso-a65-r2p25","isosceles/apex-65/rectangle-2.25","isosceles","65","2.25","obtuse horizontal lattice","verified_best_known","288","0.9063077870366456","0.9975679461479792","0.09126015911133356","tpa1-a19d179bb8b01ba2"
"iso-a65-r2p4","isosceles/apex-65/rectangle-2.4","isosceles","65","2.4","obtuse horizontal lattice","verified_best_known","300","0.8850661982779751","0.9971745833931891","0.11210838511521404","tpa1-a794a8bff80e073e"
"iso-a65-r2p55","isosceles/apex-65/rectangle-2.55","isosceles","65","2.55","obtuse horizontal lattice","verified_best_known","300","0.8330034807322119","0.999604176878658","0.16660069614644613","tpa1-baaaecaf96636d18"
"iso-a65-r2p7","isosceles/apex-65/rectangle-2.7","isosceles","65","2.7","obtuse horizontal lattice","verified_best_known","300","0.7867255095804225","0.99914139716714","0.21241588758671748","tpa1-0b4561880934b382"
"iso-a65-r2p85","isosceles/apex-65/rectangle-2.85","isosceles","65","2.85","obtuse horizontal lattice","verified_best_known","300","0.7453189038130319","0.9987273311094662","0.2534084272964343","tpa1-f4a23dcdf06fc296"
"iso-a65-r3","isosceles/apex-65/rectangle-3","isosceles","65","3","obtuse horizontal lattice","verified_best_known","300","0.7080529586223808","0.9983546716575598","0.29030171303517893","tpa1-b3c79184ef05265e"
"iso-a70-r0p75","isosceles/apex-70/rectangle-0.75","isosceles","70","0.75","obtuse horizontal lattice","verified_best_known","85","0.8320195079875216","0.9984234095850276","0.16640390159750607","tpa1-f53de9fd7ea971c0"
"iso-a70-r0p9","isosceles/apex-70/rectangle-0.9","isosceles","70","0.9","obtuse horizontal lattice","verified_best_known","104","0.8483336159872766","0.9951605879850766","0.14682697199779993","tpa1-f5358b3ce3df5a77"
"iso-a70-r1p05","isosceles/apex-70/rectangle-1.05","isosceles","70","1.05","vertical lattice","verified_best_known","120","0.8390112685588448","0.9998217616992923","0.16081049314044749","tpa1-1ea9811b5e466e9e"
"iso-a70-r1p2","isosceles/apex-70/rectangle-1.2","isosceles","70","1.2","obtuse horizontal lattice","verified_best_known","137","0.8381372984874293","0.997199851485046","0.15906255299761662","tpa1-5c65b4f02a5ab840"
"iso-a70-r1p35","isosceles/apex-70/rectangle-1.35","isosceles","70","1.35","vertical lattice","verified_best_known","156","0.8483336159872759","0.9951605879850765","0.1468269719978006","tpa1-d47261d6981e03ca"
"iso-a70-r1p5","isosceles/apex-70/rectangle-1.5","isosceles","70","1.5","obtuse horizontal lattice","verified_best_known","174","0.8515964375872273","0.9984234095850276","0.14682697199780037","tpa1-a283e136328b96cf"
"iso-a70-r1p65","isosceles/apex-70/rectangle-1.65","isosceles","70","1.65","obtuse horizontal lattice","verified_best_known","198","0.8809618319867869","0.9966436887123271","0.11568185672554021","tpa1-aea2c3df77d67463"
"iso-a70-r1p8","isosceles/apex-70/rectangle-1.8","isosceles","70","1.8","obtuse horizontal lattice","verified_best_known","216","0.8809618319867868","0.9992391149850154","0.1182772829982286","tpa1-04c0fcf21cb37d67"
"iso-a70-r1p95","isosceles/apex-70/rectangle-1.95","isosceles","70","1.95","obtuse horizontal lattice","verified_best_known","234","0.8809618319867868","0.9976704507542696","0.11670861876748284","tpa1-7547e9ab9a97176f"
"iso-a70-r2p1","isosceles/apex-70/rectangle-2.1","isosceles","70","2.1","obtuse horizontal lattice","verified_best_known","252","0.8809618319867868","0.9998217616992923","0.11885992971250547","tpa1-ddd87f70e2b41f98"
"iso-a70-r2p25","isosceles/apex-70/rectangle-2.25","isosceles","70","2.25","obtuse horizontal lattice","verified_best_known","270","0.8809618319867868","0.9984234095850275","0.11746157759824072","tpa1-8e13ea7d338cf346"
"iso-a70-r2p4","isosceles/apex-70/rectangle-2.4","isosceles","70","2.4","obtuse horizontal lattice","verified_best_known","288","0.8809618319867883","0.997199851485046","0.11623801949825763","tpa1-f583b0cc7c56cfed"
"iso-a70-r2p55","isosceles/apex-70/rectangle-2.55","isosceles","70","2.55","obtuse horizontal lattice","verified_best_known","300","0.8636880705752836","0.9989992016320779","0.13531113105679426","tpa1-acba71e23ff0b1f7"
"iso-a70-r2p7","isosceles/apex-70/rectangle-2.7","isosceles","70","2.7","obtuse horizontal lattice","verified_best_known","300","0.8157053999877678","0.9978796059850357","0.18217420599726786","tpa1-9bfc2741cbd814b6"
"iso-a70-r2p85","isosceles/apex-70/rectangle-2.85","isosceles","70","2.85","obtuse horizontal lattice","verified_best_known","300","0.7727735368305169","0.9994537743008015","0.22668023747028465","tpa1-cece0031c48bfe38"
"iso-a70-r3","isosceles/apex-70/rectangle-3","isosceles","70","3","obtuse horizontal lattice","verified_best_known","300","0.7341348599889909","0.9984234095850276","0.26428854959603676","tpa1-bdfbc57ef88d8937"
"iso-a75-r0p75","isosceles/apex-75/rectangle-0.75","isosceles","75","0.75","vertical lattice","verified_best_known","84","0.8451850980029335","0.9961110083606016","0.1509259103576681","tpa1-b917d9e4c290face"
"iso-a75-r0p9","isosceles/apex-75/rectangle-0.9","isosceles","75","0.9","vertical lattice","verified_best_known","108","0.9055554621459999","0.9977879629201314","0.09223250077413148","tpa1-a1db7d88beab83a7"
"iso-a75-r1p05","isosceles/apex-75/rectangle-1.05","isosceles","75","1.05","obtuse horizontal lattice","verified_best_known","120","0.862433773472381","0.9989857876055095","0.13655201413312845","tpa1-f23b7385c2c680d2"
"iso-a75-r1p2","isosceles/apex-75/rectangle-1.2","isosceles","75","1.2","vertical lattice","verified_best_known","144","0.9055554621459998","0.9998841561195434","0.0943286939735436","tpa1-ee931435858ed883"
"iso-a75-r1p35","isosceles/apex-75/rectangle-1.35","isosceles","75","1.35","obtuse horizontal lattice","verified_best_known","160","0.894375765082469","0.9949930386542486","0.10061727357177963","tpa1-a98bbaf6cad01ece"
"iso-a75-r1p5","isosceles/apex-75/rectangle-1.5","isosceles","75","1.5","obtuse horizontal lattice","verified_best_known","180","0.9055554621459998","0.9961110083606016","0.09055554621460182","tpa1-512b047d8957cb20"
"iso-a75-r1p65","isosceles/apex-75/rectangle-1.65","isosceles","75","1.65","obtuse horizontal lattice","verified_best_known","200","0.9147024870161614","0.9970257108476179","0.08232322383145652","tpa1-5201bb19cd6c74c4"
"iso-a75-r1p8","isosceles/apex-75/rectangle-1.8","isosceles","75","1.8","obtuse horizontal lattice","verified_best_known","220","0.9223250077412961","0.9977879629201314","0.07546295517883528","tpa1-9dac614ffc3f1917"
"iso-a75-r1p95","isosceles/apex-75/rectangle-1.95","isosceles","75","1.95","obtuse horizontal lattice","verified_best_known","240","0.9287748329702562","0.9984329454430273","0.0696581124727711","tpa1-bed28ccde11f4eff"
"iso-a75-r2p1","isosceles/apex-75/rectangle-2.1","isosceles","75","2.1","obtuse horizontal lattice","verified_best_known","260","0.9343032545950791","0.9989857876055095","0.06468253301043037","tpa1-f470da2f3f8daf70"
"iso-a75-r2p25","isosceles/apex-75/rectangle-2.25","isosceles","75","2.25","obtuse horizontal lattice","verified_best_known","280","0.9390945533365938","0.9994649174796609","0.06037036414306718","tpa1-7e1a3210150a1e8a"
"iso-a75-r2p4","isosceles/apex-75/rectangle-2.4","isosceles","75","2.4","obtuse horizontal lattice","verified_best_known","300","0.9432869397354195","0.9998841561195434","0.05659721638412385","tpa1-09877792932c7aec"
"iso-a75-r2p55","isosceles/apex-75/rectangle-2.55","isosceles","75","2.55","obtuse horizontal lattice","verified_best_known","300","0.8877994726921596","0.9972947409908579","0.10949526829869827","tpa1-5fd5e4193bc1b674"
"iso-a75-r2p7","isosceles/apex-75/rectangle-2.7","isosceles","75","2.7","obtuse horizontal lattice","verified_best_known","300","0.8384772797648173","0.9977879629201313","0.15931068315531394","tpa1-53acf692fbb74dbb"
"iso-a75-r2p85","isosceles/apex-75/rectangle-2.85","isosceles","75","2.85","obtuse horizontal lattice","verified_best_known","300","0.7943468966193006","0.9982292667515865","0.20388237013228594","tpa1-46522b6c1f4a2684"
"iso-a75-r3","isosceles/apex-75/rectangle-3","isosceles","75","3","obtuse horizontal lattice","verified_best_known","300","0.7546295517883356","0.9986264401998962","0.24399688841156064","tpa1-3cecbc593634c336"
"iso-a80-r0p75","isosceles/apex-80/rectangle-0.75","isosceles","80","0.75","obtuse horizontal lattice","verified_best_known","84","0.8617067838856808","0.9950661671060851","0.1333593832204043","tpa1-5a87565776b8dc1b"
"iso-a80-r0p9","isosceles/apex-80/rectangle-0.9","isosceles","80","0.9","obtuse horizontal lattice","verified_best_known","100","0.8548678411564292","0.9916466957414595","0.13677885458503025","tpa1-67a629835896e7ea"
"iso-a80-r1p05","isosceles/apex-80/rectangle-1.05","isosceles","80","1.05","obtuse horizontal lattice","verified_best_known","120","0.8792926366180412","0.9965316548337818","0.11723901821574056","tpa1-ac441bc669652d7b"
"iso-a80-r1p2","isosceles/apex-80/rectangle-1.2","isosceles","80","1.2","obtuse horizontal lattice","verified_best_known","135","0.8655536891708843","0.9937838653443506","0.12823017617346633","tpa1-c7171760c3050a2a"
"iso-a80-r1p35","isosceles/apex-80/rectangle-1.35","isosceles","80","1.35","obtuse horizontal lattice","verified_best_known","156","0.8890625548026859","0.9973458146825023","0.10828325987981635","tpa1-a96ebe6fd8c98307"
"iso-a80-r1p5","isosceles/apex-80/rectangle-1.5","isosceles","80","1.5","obtuse horizontal lattice","verified_best_known","170","0.8719651979795575","0.9950661671060851","0.12310096912652757","tpa1-8dc3a43161e287a2"
"iso-a80-r1p65","isosceles/apex-80/rectangle-1.65","isosceles","80","1.65","obtuse horizontal lattice","verified_best_known","190","0.8859539444712081","0.9978639164044153","0.11190997193320718","tpa1-d6d94ff09c21916a"
"iso-a80-r1p8","isosceles/apex-80/rectangle-1.8","isosceles","80","1.8","obtuse horizontal lattice","verified_best_known","210","0.8976112332142503","0.9959210349472416","0.09830980173299131","tpa1-c24f7f3e780538eb"
"iso-a80-r1p95","isosceles/apex-80/rectangle-1.95","isosceles","80","1.95","obtuse horizontal lattice","verified_best_known","230","0.9074750929199014","0.9982226022118936","0.09074750929199227","tpa1-448b2cfe52db311b"
"iso-a80-r2p1","isosceles/apex-80/rectangle-2.1","isosceles","80","2.1","obtuse horizontal lattice","verified_best_known","250","0.9159298298104593","0.9965316548337818","0.08060182502332247","tpa1-bf6e99855a35b914"
"iso-a80-r2p25","isosceles/apex-80/rectangle-2.25","isosceles","80","2.25","obtuse horizontal lattice","verified_best_known","270","0.9232572684489431","0.9984856384707109","0.07522837002176785","tpa1-cd17109c39549320"
"iso-a80-r2p4","isosceles/apex-80/rectangle-2.4","isosceles","80","2.4","obtuse horizontal lattice","verified_best_known","280","0.8976112332142502","0.9969896197486872","0.09937838653443698","tpa1-85c345b5a92b2f31"
"iso-a80-r2p55","isosceles/apex-80/rectangle-2.55","isosceles","80","2.55","obtuse horizontal lattice","verified_best_known","300","0.9051541847538658","0.9986867838451008","0.09353259909123501","tpa1-a4ec427b9ffab24f"
"iso-a80-r2p7","isosceles/apex-80/rectangle-2.7","isosceles","80","2.7","obtuse horizontal lattice","verified_best_known","300","0.8548678411564287","0.9973458146825023","0.1424779735260736","tpa1-4f86b51b93d1f0be"
"iso-a80-r2p85","isosceles/apex-80/rectangle-2.85","isosceles","80","2.85","obtuse horizontal lattice","verified_best_known","300","0.8098747968850377","0.9988455828248821","0.1889707859398444","tpa1-2da52881c68bc529"
"iso-a80-r3","isosceles/apex-80/rectangle-3","isosceles","80","3","obtuse horizontal lattice","verified_best_known","300","0.769381057040786","0.9976307706295544","0.22824971358876844","tpa1-b26cd2ea134f1455"
"iso-a85-r0p75","isosceles/apex-85/rectangle-0.75","isosceles","85","0.75","vertical lattice","verified_best_known","80","0.830162248409788","0.9961946980917457","0.16603244968195763","tpa1-3efbedd3116d8c98"
"iso-a85-r0p9","isosceles/apex-85/rectangle-0.9","isosceles","85","0.9","obtuse horizontal lattice","verified_best_known","97","0.8388097718307219","0.9944651934075586","0.15565542157683665","tpa1-6ccbfd3f4eadea5b"
"iso-a85-r1p05","isosceles/apex-85/rectangle-1.05","isosceles","85","1.05","obtuse horizontal lattice","verified_best_known","116","0.8598109001387072","0.9932298329188535","0.13341893278014627","tpa1-6fe7ef4c97629cff"
"iso-a85-r1p2","isosceles/apex-85/rectangle-1.2","isosceles","85","1.2","obtuse horizontal lattice","verified_best_known","136","0.8820473889353985","0.9987889551180261","0.11674156618262765","tpa1-1b6707ad4738dea5"
"iso-a85-r1p35","isosceles/apex-85/rectangle-1.35","isosceles","85","1.35","obtuse horizontal lattice","verified_best_known","156","0.8993424357772702","0.9973477012145368","0.09800526543726651","tpa1-8638158b5b164d4e"
"iso-a85-r1p5","isosceles/apex-85/rectangle-1.5","isosceles","85","1.5","obtuse horizontal lattice","verified_best_known","177","0.9183669873033291","0.9961946980917457","0.07782771078841655","tpa1-61a8123c7f2b1a6c"
"iso-a85-r1p65","isosceles/apex-85/rectangle-1.65","isosceles","85","1.65","obtuse horizontal lattice","verified_best_known","193","0.9103483746766445","0.9999681628572447","0.08961978818060012","tpa1-c3ff0bb5db313276"
"iso-a85-r1p8","isosceles/apex-85/rectangle-1.8","isosceles","85","1.8","obtuse horizontal lattice","verified_best_known","212","0.9166374826191436","0.9987889551180261","0.08215147249888255","tpa1-d4e557047a215be0"
"iso-a85-r1p95","isosceles/apex-85/rectangle-1.95","isosceles","85","1.95","obtuse horizontal lattice","verified_best_known","232","0.9259502001493825","0.9977911639540721","0.07184096380468963","tpa1-7471d6760d008827"
"iso-a85-r2p1","isosceles/apex-85/rectangle-2.1","isosceles","85","2.1","obtuse horizontal lattice","verified_best_known","252","0.9339325294610153","0.9969359143849686","0.0630033849239533","tpa1-d026712241ffcfef"
"iso-a85-r2p25","isosceles/apex-85/rectangle-2.25","isosceles","85","2.25","obtuse horizontal lattice","verified_best_known","273","0.9443095575661382","0.9996537074601197","0.05534414989398151","tpa1-61196e84964d016b"
"iso-a85-r2p4","isosceles/apex-85/rectangle-2.4","isosceles","85","2.4","obtuse horizontal lattice","verified_best_known","289","0.9371753507438667","0.9987889551180261","0.061613604374159414","tpa1-cbe0b840160c9de9"
"iso-a85-r2p55","isosceles/apex-85/rectangle-2.55","isosceles","85","2.55","obtuse horizontal lattice","verified_best_known","300","0.9156201269225649","0.9980259383455907","0.08240581142302583","tpa1-28a789bf25fe2c14"
"iso-a85-r2p7","isosceles/apex-85/rectangle-2.7","isosceles","85","2.7","obtuse horizontal lattice","verified_best_known","300","0.8647523420935337","0.9973477012145368","0.13259535912100306","tpa1-9a72fde7ed55c45c"
"iso-a85-r2p85","isosceles/apex-85/rectangle-2.85","isosceles","85","2.85","obtuse horizontal lattice","verified_best_known","300","0.819239060930716","0.9994716543354684","0.1802325934047524","tpa1-02d8064498c329c6"
"iso-a85-r3","isosceles/apex-85/rectangle-3","isosceles","85","3","obtuse horizontal lattice","verified_best_known","300","0.7782771078841803","0.9987889551180261","0.22051184723384587","tpa1-2e8bda82ec05ed42"
"iso-a90-r0p75","right/apex-90/rectangle-0.75","right","90","0.75","rectangular pairs","proven_optimal","96","1","1","0","tpa1-623b5a2e7798d3d0"
"iso-a90-r0p9","right/apex-90/rectangle-0.9","right","90","0.9","rectangular pairs","verified_best_known","112","0.9722222222222222","0.9982638888888888","0.02604166666666663","tpa1-730a5505fecc3b45"
"iso-a90-r1p05","right/apex-90/rectangle-1.05","right","90","1.05","rectangular pairs","verified_best_known","128","0.9523809523809523","0.9970238095238095","0.044642857142857206","tpa1-4acf22821505b288"
"iso-a90-r1p2","right/apex-90/rectangle-1.2","right","90","1.2","rectangular pairs","verified_best_known","144","0.9375","0.99609375","0.05859375","tpa1-b3791fe121ea2f0f"
"iso-a90-r1p35","right/apex-90/rectangle-1.35","right","90","1.35","rectangular pairs","verified_best_known","160","0.9259259259259258","0.9953703703703703","0.06944444444444453","tpa1-6662107790888823"
"iso-a90-r1p5","right/apex-90/rectangle-1.5","right","90","1.5","rectangular pairs","proven_optimal","192","1","1","0","tpa1-12c6df461dc423ff"
"iso-a90-r1p65","right/apex-90/rectangle-1.65","right","90","1.65","rectangular pairs","verified_best_known","208","0.9848484848484849","0.9990530303030304","0.014204545454545525","tpa1-d75b0ba381f0da16"
"iso-a90-r1p8","right/apex-90/rectangle-1.8","right","90","1.8","rectangular pairs","verified_best_known","224","0.9722222222222222","0.9982638888888888","0.02604166666666663","tpa1-d1a05a3cff73180b"
"iso-a90-r1p95","right/apex-90/rectangle-1.95","right","90","1.95","rectangular pairs","verified_best_known","240","0.9615384615384616","0.9975961538461539","0.03605769230769229","tpa1-badc96c2571a0524"
"iso-a90-r2p1","right/apex-90/rectangle-2.1","right","90","2.1","rectangular pairs","verified_best_known","256","0.9523809523809523","0.9970238095238095","0.044642857142857206","tpa1-e44ed013e81ec01d"
"iso-a90-r2p25","right/apex-90/rectangle-2.25","right","90","2.25","rectangular pairs","proven_optimal","288","1","1","0","tpa1-ede6c53070f3e70d"
"iso-a90-r2p4","right/apex-90/rectangle-2.4","right","90","2.4","rectangular pairs","verified_best_known","300","0.9765625","0.9993489583333334","0.02278645833333337","tpa1-c1ee2cfdccab7898"
"iso-a90-r2p55","right/apex-90/rectangle-2.55","right","90","2.55","rectangular pairs","verified_best_known","300","0.9191176470588236","0.9987745098039217","0.07965686274509809","tpa1-c7d1766a5fda7304"
"iso-a90-r2p7","right/apex-90/rectangle-2.7","right","90","2.7","rectangular pairs","verified_best_known","300","0.8680555555555555","0.9982638888888888","0.13020833333333337","tpa1-14aac1940ddb034d"
"iso-a90-r2p85","right/apex-90/rectangle-2.85","right","90","2.85","rectangular pairs","verified_best_known","300","0.8223684210526315","0.9978070175438596","0.17543859649122806","tpa1-1b65e5894dd45dea"
"iso-a90-r3","right/apex-90/rectangle-3","right","90","3","rectangular pairs","verified_best_known","300","0.78125","1","0.21875","tpa1-b56c80221ed17152"
"iso-a95-r0p75","isosceles/apex-95/rectangle-0.75","isosceles","95","0.75","obtuse horizontal lattice","verified_best_known","79","0.8197852203046656","0.9961946980917454","0.17640947778707983","tpa1-f617334260c0d685"
"iso-a95-r0p9","isosceles/apex-95/rectangle-0.9","isosceles","95","0.9","obtuse horizontal lattice","verified_best_known","98","0.8474572952516571","0.9944651934075583","0.1470078981559012","tpa1-943aa9d230580daa"
"iso-a95-r1p05","isosceles/apex-95/rectangle-1.05","isosceles","95","1.05","diagonal lattice","verified_best_known","112","0.8301622484097867","0.9932298329188533","0.16306758450906655","tpa1-7c9ca853054b98c1"
"iso-a95-r1p2","isosceles/apex-95/rectangle-1.2","isosceles","95","1.2","obtuse horizontal lattice","verified_best_known","132","0.8561048186725925","0.9987889551180261","0.14268413644543365","tpa1-2a27c2c39cf60a4f"
"iso-a95-r1p35","isosceles/apex-95/rectangle-1.35","isosceles","95","1.35","obtuse horizontal lattice","verified_best_known","149","0.8589873264795719","0.9973477012145368","0.13836037473496487","tpa1-ade741d22416850d"
"iso-a95-r1p5","isosceles/apex-95/rectangle-1.5","isosceles","95","1.5","obtuse horizontal lattice","verified_best_known","165","0.8561048186725945","0.9961946980917454","0.14008987941915096","tpa1-1404363bb75f4db5"
"iso-a95-r1p65","isosceles/apex-95/rectangle-1.65","isosceles","95","1.65","obtuse horizontal lattice","verified_best_known","182","0.8584632341510322","0.9999681628572444","0.14150492870621223","tpa1-be127c8ef552661c"
"iso-a95-r1p8","isosceles/apex-95/rectangle-1.8","isosceles","95","1.8","obtuse horizontal lattice","verified_best_known","198","0.8561048186725957","0.998788955118026","0.14268413644543032","tpa1-2f62e3cf548aee2e"
"iso-a95-r1p95","isosceles/apex-95/rectangle-1.95","isosceles","95","1.95","obtuse horizontal lattice","verified_best_known","220","0.8780562242795862","0.997791163954072","0.11973493967448579","tpa1-47e0ed7808de297e"
"iso-a95-r2p1","isosceles/apex-95/rectangle-2.1","isosceles","95","2.1","obtuse horizontal lattice","verified_best_known","231","0.8561048186725967","0.9969359143849684","0.14083109571237173","tpa1-f2bc5868a02d6337"
"iso-a95-r2p25","isosceles/apex-95/rectangle-2.25","isosceles","95","2.25","obtuse horizontal lattice","verified_best_known","253","0.875129370198655","0.9996537074601195","0.1245243372614645","tpa1-7d4b6af84f46fbda"
"iso-a95-r2p4","isosceles/apex-95/rectangle-2.4","isosceles","95","2.4","obtuse horizontal lattice","verified_best_known","275","0.8917758527839559","0.9987889551180261","0.10701310233407024","tpa1-d6d26b030b9484bd"
"iso-a95-r2p55","isosceles/apex-95/rectangle-2.55","isosceles","95","2.55","obtuse horizontal lattice","verified_best_known","286","0.8728911876661782","0.9980259383455906","0.12513475067941238","tpa1-f214b3fd42b932f1"
"iso-a95-r2p7","isosceles/apex-95/rectangle-2.7","isosceles","95","2.7","obtuse horizontal lattice","verified_best_known","300","0.8647523420935334","0.9973477012145368","0.1325953591210034","tpa1-65b57231d4effff1"
"iso-a95-r2p85","isosceles/apex-95/rectangle-2.85","isosceles","95","2.85","obtuse horizontal lattice","verified_best_known","300","0.8192390609307159","0.9994716543354683","0.1802325934047524","tpa1-b200c578908adc94"
"iso-a95-r3","isosceles/apex-95/rectangle-3","isosceles","95","3","obtuse horizontal lattice","verified_best_known","300","0.77827710788418","0.9987889551180261","0.2205118472338461","tpa1-462ef355f1b735bc"
"iso-a100-r0p75","isosceles/apex-100/rectangle-0.75","isosceles","100","0.75","vertical lattice","verified_best_known","81","0.8309315416040494","0.9950661671060853","0.16413462550203595","tpa1-b217b82eb13fe415"
"iso-a100-r0p9","isosceles/apex-100/rectangle-0.9","isosceles","100","0.9","vertical lattice","verified_best_known","99","0.846319162744865","0.9916466957414596","0.14532753299659462","tpa1-041bb1b9002badf1"
"iso-a100-r1p05","isosceles/apex-100/rectangle-1.05","isosceles","100","1.05","obtuse horizontal lattice","verified_best_known","120","0.8792926366180412","0.996531654833782","0.11723901821574079","tpa1-5540e3379a271a56"
"iso-a100-r1p2","isosceles/apex-100/rectangle-1.2","isosceles","100","1.2","obtuse horizontal lattice","verified_best_known","132","0.8463191627448649","0.9937838653443508","0.14746470259948596","tpa1-502222c30643a529"
"iso-a100-r1p35","isosceles/apex-100/rectangle-1.35","isosceles","100","1.35","obtuse horizontal lattice","verified_best_known","156","0.8890625548026861","0.9973458146825023","0.10828325987981613","tpa1-8fd6c6ce43bf8409"
"iso-a100-r1p5","isosceles/apex-100/rectangle-1.5","isosceles","100","1.5","obtuse horizontal lattice","verified_best_known","168","0.8617067838856803","0.9950661671060853","0.13335938322040497","tpa1-9a67637731ec673d"
"iso-a100-r1p65","isosceles/apex-100/rectangle-1.65","isosceles","100","1.65","obtuse horizontal lattice","verified_best_known","192","0.895279775465642","0.9978639164044155","0.10258414093877355","tpa1-e13f1d022fb52c9e"
"iso-a100-r1p8","isosceles/apex-100/rectangle-1.8","isosceles","100","1.8","obtuse horizontal lattice","verified_best_known","204","0.8719651979795574","0.9959210349472417","0.12395583696768431","tpa1-5cf906905fbe31e1"
"iso-a100-r1p95","isosceles/apex-100/rectangle-1.95","isosceles","100","1.95","obtuse horizontal lattice","verified_best_known","228","0.8995840051553805","0.9982226022118937","0.09863859705651323","tpa1-fb718f485a5b183a"
"iso-a100-r2p1","isosceles/apex-100/rectangle-2.1","isosceles","100","2.1","obtuse horizontal lattice","verified_best_known","240","0.879292636618041","0.996531654833782","0.11723901821574101","tpa1-95e2ce2a1beac743"
"iso-a100-r2p25","isosceles/apex-100/rectangle-2.25","isosceles","100","2.25","obtuse horizontal lattice","verified_best_known","264","0.9027404402611887","0.998485638470711","0.09574519820952232","tpa1-e2acfcea6985a769"
"iso-a100-r2p4","isosceles/apex-100/rectangle-2.4","isosceles","100","2.4","obtuse horizontal lattice","verified_best_known","288","0.9232572684489431","0.9969896197486874","0.07373235129974431","tpa1-c1002147da804982"
"iso-a100-r2p55","isosceles/apex-100/rectangle-2.55","isosceles","100","2.55","obtuse horizontal lattice","verified_best_known","300","0.9051541847538658","0.9986867838451009","0.09353259909123512","tpa1-d4ef087ddc24f84c"
"iso-a100-r2p7","isosceles/apex-100/rectangle-2.7","isosceles","100","2.7","obtuse horizontal lattice","verified_best_known","300","0.8548678411564287","0.9973458146825023","0.1424779735260736","tpa1-69ddfdf43ccfd492"
"iso-a100-r2p85","isosceles/apex-100/rectangle-2.85","isosceles","100","2.85","obtuse horizontal lattice","verified_best_known","300","0.8098747968850377","0.9988455828248821","0.1889707859398444","tpa1-2dd5b9546715bcf9"
"iso-a100-r3","isosceles/apex-100/rectangle-3","isosceles","100","3","obtuse horizontal lattice","verified_best_known","300","0.7693810570407859","0.9976307706295545","0.22824971358876867","tpa1-dac2a101e5527c43"
"iso-a105-r0p75","isosceles/apex-105/rectangle-0.75","isosceles","105","0.75","vertical lattice","verified_best_known","83","0.8351233706457557","0.9961110083606016","0.16098763771484592","tpa1-8b92f8f97defaebb"
"iso-a105-r0p9","isosceles/apex-105/rectangle-0.9","isosceles","105","0.9","obtuse horizontal lattice","verified_best_known","104","0.8720163709554076","0.9977879629201314","0.12577159196472376","tpa1-afa0606df251557b"
"iso-a105-r1p05","isosceles/apex-105/rectangle-1.05","isosceles","105","1.05","obtuse horizontal lattice","verified_best_known","117","0.8408729291355715","0.9989857876055095","0.15811285846993794","tpa1-d1f18e1a171b3497"
"iso-a105-r1p2","isosceles/apex-105/rectangle-1.2","isosceles","105","1.2","obtuse horizontal lattice","verified_best_known","143","0.8992668825477639","0.9998841561195434","0.10061727357177952","tpa1-13b77946b6dd5499"
"iso-a105-r1p35","isosceles/apex-105/rectangle-1.35","isosceles","105","1.35","obtuse horizontal lattice","verified_best_known","156","0.8720163709554074","0.9949930386542486","0.12297666769884119","tpa1-d006acb0e6230f23"
"iso-a105-r1p5","isosceles/apex-105/rectangle-1.5","isosceles","105","1.5","obtuse horizontal lattice","verified_best_known","182","0.9156171895031777","0.9961110083606016","0.0804938188574239","tpa1-db4c1b86eb7e5a53"
"iso-a105-r1p65","isosceles/apex-105/rectangle-1.65","isosceles","105","1.65","obtuse horizontal lattice","verified_best_known","195","0.8918349248407575","0.9970257108476179","0.10519078600686038","tpa1-46ede209e7bc6c06"
"iso-a105-r1p8","isosceles/apex-105/rectangle-1.8","isosceles","105","1.8","obtuse horizontal lattice","verified_best_known","221","0.9265173941401201","0.9977879629201314","0.07127056878001126","tpa1-8593dedf199b8caa"
"iso-a105-r1p95","isosceles/apex-105/rectangle-1.95","isosceles","105","1.95","obtuse horizontal lattice","verified_best_known","234","0.9055554621459998","0.9984329454430273","0.0928774832970275","tpa1-e79465bac055dae3"
"iso-a105-r2p1","isosceles/apex-105/rectangle-2.1","isosceles","105","2.1","obtuse horizontal lattice","verified_best_known","260","0.9343032545950791","0.9989857876055095","0.06468253301043037","tpa1-4c3fea9d13aa28fa"
"iso-a105-r2p25","isosceles/apex-105/rectangle-2.25","isosceles","105","2.25","obtuse horizontal lattice","verified_best_known","273","0.9156171895031782","0.9994649174796609","0.08384772797648277","tpa1-f4a12deeec44e91e"
"iso-a105-r2p4","isosceles/apex-105/rectangle-2.4","isosceles","105","2.4","obtuse horizontal lattice","verified_best_known","299","0.9401426499363014","0.9998841561195434","0.05974150618324203","tpa1-8c65dffe93cbae18"
"iso-a105-r2p55","isosceles/apex-105/rectangle-2.55","isosceles","105","2.55","obtuse horizontal lattice","verified_best_known","300","0.8877994726921596","0.9972947409908579","0.10949526829869827","tpa1-2809c2b28875c70c"
"iso-a105-r2p7","isosceles/apex-105/rectangle-2.7","isosceles","105","2.7","obtuse horizontal lattice","verified_best_known","300","0.8384772797648173","0.9977879629201313","0.15931068315531394","tpa1-2dd409c4880140c9"
"iso-a105-r2p85","isosceles/apex-105/rectangle-2.85","isosceles","105","2.85","obtuse horizontal lattice","verified_best_known","300","0.7943468966193006","0.9982292667515865","0.20388237013228594","tpa1-c8eec90e0abde454"
"iso-a105-r3","isosceles/apex-105/rectangle-3","isosceles","105","3","obtuse horizontal lattice","verified_best_known","300","0.7546295517883356","0.9986264401998962","0.24399688841156064","tpa1-597e49f3e50bdcdd"
"iso-a110-r0p75","isosceles/apex-110/rectangle-0.75","isosceles","110","0.75","vertical lattice","verified_best_known","85","0.8320195079875221","0.998423409585028","0.16640390159750584","tpa1-438d808860f0d33c"
"iso-a110-r0p9","isosceles/apex-110/rectangle-0.9","isosceles","110","0.9","vertical lattice","verified_best_known","103","0.8401765619873993","0.9951605879850769","0.15498402599767758","tpa1-32684c3be88fbf20"
"iso-a110-r1p05","isosceles/apex-110/rectangle-1.05","isosceles","110","1.05","obtuse horizontal lattice","verified_best_known","121","0.8460030291301689","0.9998217616992927","0.15381873256912382","tpa1-0b5a26513b2b46ed"
"iso-a110-r1p2","isosceles/apex-110/rectangle-1.2","isosceles","110","1.2","obtuse horizontal lattice","verified_best_known","137","0.8381372984874297","0.9971998514850463","0.15906255299761662","tpa1-846668ad3ffbd33f"
"iso-a110-r1p35","isosceles/apex-110/rectangle-1.35","isosceles","110","1.35","obtuse horizontal lattice","verified_best_known","156","0.8483336159872764","0.9951605879850768","0.14682697199780037","tpa1-601652885dd71106"
"iso-a110-r1p5","isosceles/apex-110/rectangle-1.5","isosceles","110","1.5","obtuse horizontal lattice","verified_best_known","174","0.8515964375872275","0.998423409585028","0.14682697199780048","tpa1-ad57451e2d7da67c"
"iso-a110-r1p65","isosceles/apex-110/rectangle-1.65","isosceles","110","1.65","obtuse horizontal lattice","verified_best_known","195","0.8676139254415327","0.9966436887123273","0.12902976327079463","tpa1-a81c56be76306468"
"iso-a110-r1p8","isosceles/apex-110/rectangle-1.8","isosceles","110","1.8","obtuse horizontal lattice","verified_best_known","208","0.8483336159872763","0.9992391149850157","0.15090549899773942","tpa1-6ebf12741fd2939e"
"iso-a110-r1p95","isosceles/apex-110/rectangle-1.95","isosceles","110","1.95","obtuse horizontal lattice","verified_best_known","234","0.880961831986787","0.99767045075427","0.11670861876748295","tpa1-f4644843b22b801c"
"iso-a110-r2p1","isosceles/apex-110/rectangle-2.1","isosceles","110","2.1","obtuse horizontal lattice","verified_best_known","247","0.8634824305584777","0.9998217616992927","0.13633933114081498","tpa1-4e3b3b8e3e25f65f"
"iso-a110-r2p25","isosceles/apex-110/rectangle-2.25","isosceles","110","2.25","obtuse horizontal lattice","verified_best_known","260","0.8483336159872763","0.998423409585028","0.15008979359775165","tpa1-19daa7844e1d6c56"
"iso-a110-r2p4","isosceles/apex-110/rectangle-2.4","isosceles","110","2.4","obtuse horizontal lattice","verified_best_known","286","0.8748440414868801","0.9971998514850463","0.1223558099981662","tpa1-45746029399f6e31"
"iso-a110-r2p55","isosceles/apex-110/rectangle-2.55","isosceles","110","2.55","obtuse horizontal lattice","verified_best_known","299","0.8608091103400328","0.9989992016320782","0.1381900912920454","tpa1-be83c6b1e772b531"
"iso-a110-r2p7","isosceles/apex-110/rectangle-2.7","isosceles","110","2.7","obtuse horizontal lattice","verified_best_known","300","0.8157053999877679","0.997879605985036","0.18217420599726808","tpa1-695a5eae4f0f5fe5"
"iso-a110-r2p85","isosceles/apex-110/rectangle-2.85","isosceles","110","2.85","obtuse horizontal lattice","verified_best_known","300","0.772773536830517","0.999453774300802","0.22668023747028498","tpa1-f81a1126b58f42ed"
"iso-a110-r3","isosceles/apex-110/rectangle-3","isosceles","110","3","obtuse horizontal lattice","verified_best_known","300","0.7341348599889912","0.998423409585028","0.26428854959603676","tpa1-52b936d45bb0b1f2"
"s406575-r0p75","scalene/s406575/rectangle-0.75","scalene","40","0.75","acute horizontal lattice","verified_best_known","136","0.8751394645963216","0.9974015956796295","0.12226213108330786","tpa1-f975a95043a6541c"
"s406575-r0p9","scalene/s406575/rectangle-0.9","scalene","40","0.9","vertical lattice","verified_best_known","155","0.8311679963996934","0.9974015956796294","0.16623359927993597","tpa1-63726fa4cb89cb11"
"s406575-r1p05","scalene/s406575/rectangle-1.05","scalene","40","1.05","vertical lattice","verified_best_known","183","0.8411266912874327","0.9974015956796294","0.1562749043921967","tpa1-35e258e24be6d20a"
"s406575-r1p2","scalene/s406575/rectangle-1.2","scalene","40","1.2","vertical lattice","verified_best_known","211","0.8485957124532367","0.9974015956796295","0.14880588322639277","tpa1-d4ac4ed39a55c577"
"s406575-r1p35","scalene/s406575/rectangle-1.35","scalene","40","1.35","vertical lattice","verified_best_known","239","0.854404951137749","0.9974015956796293","0.14299664454188032","tpa1-6e1ab35bee16708f"
"s406575-r1p5","scalene/s406575/rectangle-1.5","scalene","40","1.5","vertical lattice","verified_best_known","267","0.8590523420853589","0.9974015956796295","0.13834925359427064","tpa1-6211e1d5905597c4"
"s406575-r1p65","scalene/s406575/rectangle-1.65","scalene","40","1.65","vertical lattice","verified_best_known","295","0.8628547528606755","0.9974015956796296","0.13454684281895413","tpa1-97f05142980af2db"
"s406575-r1p8","scalene/s406575/rectangle-1.8","scalene","40","1.8","acute horizontal lattice","verified_best_known","300","0.8043561255480874","0.9974015956796294","0.19304547013154194","tpa1-3fd2100ff7e02068"
"s406575-r1p95","scalene/s406575/rectangle-1.95","scalene","40","1.95","acute horizontal lattice","verified_best_known","300","0.7424825774290036","0.9998765376043928","0.2573939601753892","tpa1-65d47be8c9dadea8"
"s406575-r2p1","scalene/s406575/rectangle-2.1","scalene","40","2.1","acute horizontal lattice","verified_best_known","300","0.689448107612646","0.9996997560383383","0.3102516484256923","tpa1-96f6e5cb706f5fea"
"s406575-r2p25","scalene/s406575/rectangle-2.25","scalene","40","2.25","acute horizontal lattice","verified_best_known","300","0.6434849004384695","0.9995465453477578","0.35606164490928827","tpa1-5ac764f5dfb8ab40"
"s406575-r2p4","scalene/s406575/rectangle-2.4","scalene","40","2.4","acute horizontal lattice","verified_best_known","300","0.603267094161065","0.9994124859934996","0.3961453918324346","tpa1-1e33b023ce9b8a7f"
"s406575-r2p55","scalene/s406575/rectangle-2.55","scalene","40","2.55","acute horizontal lattice","verified_best_known","300","0.5677807945045318","0.999294198327978","0.43151340382344616","tpa1-56d34facac1aa935"
"s406575-r2p7","scalene/s406575/rectangle-2.7","scalene","40","2.7","acute horizontal lattice","verified_best_known","300","0.5362374170320576","0.9991890537364029","0.46295163670434525","tpa1-73dec59cf03879b9"
"s406575-r2p85","scalene/s406575/rectangle-2.85","scalene","40","2.85","acute horizontal lattice","verified_best_known","300","0.5080143950830022","0.9990949769965728","0.4910805819135706","tpa1-88aa3cf9884371d6"
"s406575-r3","scalene/s406575/rectangle-3","scalene","40","3","acute horizontal lattice","verified_best_known","300","0.4826136753288521","0.9990103079307256","0.5163966326018736","tpa1-69d36ccc6c21bfa0"
"s507060-r0p75","scalene/s507060/rectangle-0.75","scalene","50","0.75","acute horizontal lattice","verified_best_known","113","0.8310084225081851","0.9927976729080071","0.16178925039982206","tpa1-c3a3e05cfcd8ee05"
"s507060-r0p9","scalene/s507060/rectangle-0.9","scalene","50","0.9","acute horizontal lattice","verified_best_known","141","0.8641016782717857","0.9989260536049702","0.13482437533318448","tpa1-eedd74bf90678c59"
"s507060-r1p05","scalene/s507060/rectangle-1.05","scalene","50","1.05","acute horizontal lattice","verified_best_known","167","0.8772339226224208","0.9980505706482612","0.12081664802584036","tpa1-d88cde4988bd486a"
"s507060-r1p2","scalene/s507060/rectangle-1.2","scalene","50","1.2","acute horizontal lattice","verified_best_known","193","0.8870831058853962","0.9973939584307294","0.11031085254533324","tpa1-9c43616afb4848ff"
"s507060-r1p35","scalene/s507060/rectangle-1.35","scalene","50","1.35","vertical lattice","verified_best_known","216","0.8824868203626723","0.9968832600393158","0.11439643967664348","tpa1-5c3a5daefbaa3218"
"s507060-r1p5","scalene/s507060/rectangle-1.5","scalene","50","1.5","acute horizontal lattice","verified_best_known","242","0.8898408771990263","0.9964747013261849","0.1066338241271586","tpa1-99ab9e6cd68dcf60"
"s507060-r1p65","scalene/s507060/rectangle-1.65","scalene","50","1.65","acute horizontal lattice","verified_best_known","267","0.8925150796849725","0.9994831791228759","0.10696809943790342","tpa1-2d71bd8cbb66ff24"
"s507060-r1p8","scalene/s507060/rectangle-1.8","scalene","50","1.8","acute horizontal lattice","verified_best_known","293","0.8978077721050758","0.9989260536049702","0.10111828149989444","tpa1-ff5e1d0ed5fb78c6"
"s507060-r1p95","scalene/s507060/rectangle-1.95","scalene","50","1.95","acute horizontal lattice","verified_best_known","300","0.8485450195794887","0.9984546397052038","0.14990962012571507","tpa1-e9387485079ac351"
"s507060-r2p1","scalene/s507060/rectangle-2.1","scalene","50","2.1","acute horizontal lattice","verified_best_known","300","0.7879346610380966","0.9980505706482612","0.21011590961016458","tpa1-5437203e848743a6"
"s507060-r2p25","scalene/s507060/rectangle-2.25","scalene","50","2.25","acute horizontal lattice","verified_best_known","300","0.7354056836355569","0.9977003774655776","0.2622946938300207","tpa1-55db5c54de552044"
"s507060-r2p4","scalene/s507060/rectangle-2.4","scalene","50","2.4","acute horizontal lattice","verified_best_known","300","0.6894428284083347","0.9996921011920906","0.3102492727837559","tpa1-9ada8c22b5afeae3"
"s507060-r2p55","scalene/s507060/rectangle-2.55","scalene","50","2.55","acute horizontal lattice","verified_best_known","300","0.6488873679137268","0.9992865465871444","0.35039917867341763","tpa1-47768ceffa7c0f4e"
"s507060-r2p7","scalene/s507060/rectangle-2.7","scalene","50","2.7","acute horizontal lattice","verified_best_known","300","0.6128380696962974","0.9989260536049701","0.3860879839086727","tpa1-806855c20663302a"
"s507060-r2p85","scalene/s507060/rectangle-2.85","scalene","50","2.85","acute horizontal lattice","verified_best_known","300","0.5805834344491239","0.9986035072524985","0.4180200728033746","tpa1-a21675407cf71679"
"s507060-r3","scalene/s507060/rectangle-3","scalene","50","3","acute horizontal lattice","verified_best_known","300","0.5515542627266677","0.998313215535274","0.4467589528086062","tpa1-9d4e4e75ebfedf56"
"s358065-r0p75","scalene/s358065/rectangle-0.75","scalene","35","0.75","acute horizontal lattice","verified_best_known","155","0.8524069583971108","0.9953913514185612","0.14298439302145038","tpa1-646fe9add4bd6bc4"
"s358065-r0p9","scalene/s358065/rectangle-0.9","scalene","35","0.9","vertical lattice","verified_best_known","186","0.8524069583971109","0.9990576179062907","0.14665065950917977","tpa1-a6ddd5b828d84398"
"s358065-r1p05","scalene/s358065/rectangle-1.05","scalene","35","1.05","vertical lattice","verified_best_known","218","0.8563351010625353","0.9977482370178158","0.1414131359552805","tpa1-5611022c67611df8"
"s358065-r1p2","scalene/s358065/rectangle-1.2","scalene","35","1.2","acute horizontal lattice","verified_best_known","251","0.8627183328938502","0.9967662013514599","0.13404786845760963","tpa1-76e108423ed52724"
"s358065-r1p35","scalene/s358065/rectangle-1.35","scalene","35","1.35","acute horizontal lattice","verified_best_known","284","0.8676830687626503","0.9990576179062906","0.13137454914364022","tpa1-c0b4c0083a983aba"
"s358065-r1p5","scalene/s358065/rectangle-1.5","scalene","35","1.5","acute horizontal lattice","verified_best_known","300","0.8249099597391395","0.9981410512843584","0.17323109154521887","tpa1-92ff74d40f2b0370"
"s358065-r1p65","scalene/s358065/rectangle-1.65","scalene","35","1.65","acute horizontal lattice","verified_best_known","300","0.7499181452173995","0.9998908602898656","0.2499727150724661","tpa1-7969864100b77e0f"
"s358065-r1p8","scalene/s358065/rectangle-1.8","scalene","35","1.8","acute horizontal lattice","verified_best_known","300","0.6874249664492829","0.9990576179062907","0.3116326514570078","tpa1-07cd1ac7bd048f17"
"s358065-r1p95","scalene/s358065/rectangle-1.95","scalene","35","1.95","acute horizontal lattice","verified_best_known","300","0.6345461228762611","0.9983525666586504","0.36380644378238924","tpa1-e5fcce5f4ca9d0d7"
"s358065-r2p1","scalene/s358065/rectangle-2.1","scalene","35","2.1","acute horizontal lattice","verified_best_known","300","0.589221399813671","0.9997123083505282","0.4104909085368571","tpa1-7234d439124eafed"
"s358065-r2p25","scalene/s358065/rectangle-2.25","scalene","35","2.25","acute horizontal lattice","verified_best_known","300","0.5499399731594263","0.9990576179062907","0.44911764474686433","tpa1-5df85e8bb9275610"
"s358065-r2p4","scalene/s358065/rectangle-2.4","scalene","35","2.4","acute horizontal lattice","verified_best_known","300","0.5155687248369621","0.998484763767583","0.48291603893062085","tpa1-92ad61ac3bdd21c1"
"s358065-r2p55","scalene/s358065/rectangle-2.55","scalene","35","2.55","acute horizontal lattice","verified_best_known","300","0.4852411527877291","0.9995967747427215","0.5143556219549923","tpa1-9e03fcbba7d30a0c"
"s358065-r2p7","scalene/s358065/rectangle-2.7","scalene","35","2.7","acute horizontal lattice","verified_best_known","300","0.4582833109661886","0.9990576179062906","0.540774306940102","tpa1-153f8e119af6d994"
"s358065-r2p85","scalene/s358065/rectangle-2.85","scalene","35","2.85","acute horizontal lattice","verified_best_known","300","0.4341631367048102","0.9985752144210631","0.5644120777162529","tpa1-c01cd18b345cc872"
"s358065-r3","scalene/s358065/rectangle-3","scalene","35","3","acute horizontal lattice","verified_best_known","300","0.41245497986956975","0.9995159012172569","0.5870609213476872","tpa1-2ad782788589aef1"
